scenario,class,timer,rounds_baseline,rounds_candidate,baseline_p50_median_ns,baseline_p50_spread_pp,candidate_p50_median_ns,candidate_p50_spread_pp,p50_delta_pct,baseline_p99_median_ns,candidate_p99_median_ns,p99_delta_pct,baseline_mean_median_ns,candidate_mean_median_ns,verdict
add_only,uncontended,single,5,5,1167.0,3.60,625.0,6.56,-46.44,62815.0,30751.0,-51.05,7645.9,4039.2,OK
aggressive_walk,uncontended,batch,5,5,3843.0,49.34,2529.0,6.17,-34.19,5451.0,6355.0,16.58,3881.8,2877.6,NOISY
contended_add_4t,contended,batch,5,5,2219.0,2.88,1368.0,2.49,-38.35,3161.0,2779.0,-12.08,2268.2,1435.9,OK
contended_add_8t,contended,batch,5,5,3765.0,1.65,3463.0,4.79,-8.02,5967.0,6247.0,4.69,3873.0,3599.5,OK
contended_add_listeners_4t,contended,batch,5,5,2075.0,17.78,1583.0,1.39,-23.71,3071.0,3019.0,-1.69,2137.8,1659.9,FASTER (separated)
contended_add_listeners_8t,contended,batch,5,5,3755.0,9.91,4567.0,2.80,21.62,5815.0,7231.0,24.35,3875.3,4696.5,REGRESSION
mixed_70_20_10,uncontended,single,5,5,1000.0,0.00,500.0,16.60,-50.00,30175.0,15087.0,-50.00,3289.8,1821.6,FASTER (separated)
stp_cancel_maker,uncontended,single,5,5,2251.0,50.02,1166.0,3.60,-48.20,4919.0,2751.0,-44.07,2398.8,1223.8,FASTER (separated)
thin_book_sweep,uncontended,batch,5,5,425.0,96.00,300.0,3.00,-29.41,1208.0,758.0,-37.25,478.0,326.9,FASTER (separated)
