round,side,load_before,load_after
1,baseline,5.43 5.75 5.65,7.56 6.32 5.86
1,candidate,5.53 5.96 5.76,6.45 6.11 5.82
2,baseline,5.50 5.92 5.76,4.69 5.64 5.66
2,candidate,4.69 5.64 5.66,5.18 5.62 5.65
3,baseline,5.18 5.62 5.65,4.82 5.42 5.57
3,candidate,4.82 5.42 5.57,4.51 5.30 5.52
4,baseline,4.51 5.30 5.52,4.55 5.18 5.46
4,candidate,4.55 5.18 5.46,4.57 5.13 5.44
5,baseline,4.57 5.13 5.44,3.96 4.88 5.32
5,candidate,3.96 4.88 5.32,4.06 4.82 5.29
6,baseline,4.06 4.82 5.29,4.52 4.84 5.27
6,candidate,4.52 4.84 5.27,5.12 4.93 5.28
7,baseline,5.12 4.93 5.28,5.57 5.08 5.31
7,candidate,5.57 5.08 5.31,5.39 5.07 5.30
